{"cameraMode":{"drawMode":0,"name":"Shaded","section":"Shading Mode"},"sceneLighting":false,"audioPlay":false,"sceneViewState":{"m_AlwaysRefresh":false,"showFog":true,"showSkybox":false,"showFlares":true,"showImageEffects":true,"showParticleSystems":true,"showVisualEffectGraphs":true,"m_FxEnabled":true},"in2DMode":false,"pivot":{"x":-2.683147430419922,"y":18.59981918334961,"z":-0.5597620010375977},"rotation":{"x":-0.153910830616951,"y":0.004433951806277037,"z":-0.0005798463826067746,"w":-0.9881376028060913},"size":22.874649047851564,"orthographic":true}