{"cameraMode":{"drawMode":0,"name":"Shaded","section":"Shading Mode"},"sceneLighting":true,"audioPlay":false,"sceneViewState":{"m_AlwaysRefresh":false,"showFog":true,"showSkybox":true,"showFlares":true,"showImageEffects":true,"showParticleSystems":true,"showVisualEffectGraphs":true,"m_FxEnabled":true},"in2DMode":false,"pivot":{"x":-24.21014976501465,"y":109.2907485961914,"z":-449.5538330078125},"rotation":{"x":-0.0854041650891304,"y":-0.016459977254271508,"z":0.0015700006624683738,"w":-0.9962774515151978},"size":191.91880798339845,"orthographic":true}